{
  "mappedPoints": [
    {
      "easting": 586823.146,
      "northing": 6309231.361
    },
    {
      "easting": 584560.22,
      "northing": 6334228.664
    },
    {
      "easting": 566558.769,
      "northing": 6355048.145
    },
    {
      "easting": 586699.215,
      "northing": 6309198.712
    }
  ],
  "flipSum": [
    "102.903063 km",
    "77.732138 km",
    "50.184929 km"
  ],
  "distance": "102.903063 km",
  "legsSum": [
    "25.170925 km",
    "52.718134 km",
    "102.903063 km"
  ],
  "legs": [
    "25.170925 km",
    "27.547209 km",
    "50.184929 km"
  ],
  "mappedZones": [
    {
      "lngZone": 55,
      "latZone": "H"
    }
  ]
}
