{
  "mappedPoints": [
    {
      "easting": 586818.877,
      "northing": 6309230.92
    },
    {
      "easting": 584557.48,
      "northing": 6334235.241
    },
    {
      "easting": 566564.778,
      "northing": 6355052.007
    },
    {
      "easting": 586697.909,
      "northing": 6309198.13
    }
  ],
  "flipSum": [
    "102.903337 km",
    "77.725538 km",
    "50.186089 km"
  ],
  "distance": "102.903337 km",
  "legsSum": [
    "25.177798 km",
    "52.717248 km",
    "102.903337 km"
  ],
  "legs": [
    "25.177798 km",
    "27.539450 km",
    "50.186089 km"
  ],
  "mappedZones": [
    {
      "lngZone": 55,
      "latZone": "H"
    }
  ]
}
