{
  "mappedPoints": [
    {
      "easting": 586818.877,
      "northing": 6309230.92
    },
    {
      "easting": 584557.48,
      "northing": 6334235.241
    },
    {
      "easting": 566602.585,
      "northing": 6355080.094
    },
    {
      "easting": 586462.827,
      "northing": 6308804.512
    }
  ],
  "flipSum": [
    "103.180340 km",
    "78.002541 km",
    "50.466309 km"
  ],
  "distance": "105.825157 km",
  "legsSum": [
    "25.177798 km",
    "52.714031 km",
    "103.180340 km"
  ],
  "legs": [
    "25.177798 km",
    "27.536232 km",
    "50.466309 km"
  ],
  "mappedZones": [
    {
      "lngZone": 55,
      "latZone": "H"
    }
  ]
}
