{
  "mappedPoints": [
    {
      "easting": 586823.146,
      "northing": 6309231.361
    },
    {
      "easting": 584560.22,
      "northing": 6334228.664
    },
    {
      "easting": 566558.769,
      "northing": 6355048.145
    },
    {
      "easting": 586862.427,
      "northing": 6308834.424
    }
  ],
  "flipSum": [
    "103.303052 km",
    "78.132127 km",
    "50.584918 km"
  ],
  "distance": "103.303052 km",
  "legsSum": [
    "25.170925 km",
    "52.718134 km",
    "103.303052 km"
  ],
  "legs": [
    "25.170925 km",
    "27.547209 km",
    "50.584918 km"
  ],
  "mappedZones": [
    {
      "lngZone": 55,
      "latZone": "H"
    }
  ]
}
