{
  "mappedPoints": [
    {
      "easting": 586818.877,
      "northing": 6309230.92
    },
    {
      "easting": 584557.48,
      "northing": 6334235.241
    },
    {
      "easting": 566564.778,
      "northing": 6355052.007
    },
    {
      "easting": 586759.405,
      "northing": 6308789.452
    }
  ],
  "flipSum": [
    "103.303586 km",
    "78.125788 km",
    "50.586338 km"
  ],
  "distance": "103.303586 km",
  "legsSum": [
    "25.177798 km",
    "52.717248 km",
    "103.303586 km"
  ],
  "legs": [
    "25.177798 km",
    "27.539450 km",
    "50.586338 km"
  ],
  "mappedZones": [
    {
      "lngZone": 55,
      "latZone": "H"
    }
  ]
}
